t,surface,3mm,x,y
1,37.63,37.58,0,0
2,37.93,38.16,0,0
3,38.14,38.74,0,0
4,38.31,39.33,0,0
5,38.45,39.91,0,0
6,38.58,40.49,0,0
7,38.69,41.07,0,0
8,38.79,41.64,0,0
9,38.88,42.2,0,0
10,38.96,42.75,0,0
11,39.04,43.29,0,0
12,39.12,43.82,0,0
13,39.19,44.34,0,0
14,39.25,44.84,0,0
15,39.31,45.34,0,0
16,39.37,45.82,0,0
17,39.43,46.3,0,0
18,39.48,46.76,0,0
19,39.53,47.21,0,0
20,39.58,47.66,0,0
21,39.63,48.09,0,0
22,39.67,48.51,0,0
23,39.72,48.93,0,0
24,39.76,49.33,0,0
25,39.8,49.73,0,0
26,39.84,50.12,0,0
27,39.88,50.5,0,0
28,39.92,50.87,0,0
29,39.95,51.24,0,0
30,39.99,51.6,0,0
31,40.02,51.95,0,0
32,40.06,52.3,0,0
33,40.09,52.64,0,0
34,40.12,52.97,0,0
35,40.15,53.3,0,0
36,40.18,53.62,0,0
37,40.21,53.93,0,0
38,40.24,54.24,0,0
39,40.27,54.55,0,0
40,40.29,54.85,0,0
41,40.32,55.14,0,0
42,40.35,55.43,0,0
43,40.37,55.71,0,0
44,40.4,55.99,0,0
45,40.42,56.27,0,0
46,40.45,56.54,0,0
47,40.47,56.81,0,0
48,40.49,57.07,0,0
49,40.52,57.33,0,0
50,40.54,57.59,0,0
51,40.56,57.84,0,0
52,40.58,58.09,0,0
53,40.6,58.33,0,0
54,40.62,58.57,0,0
55,40.65,58.81,0,0
56,40.67,59.04,0,0
57,40.69,59.27,0,0
58,40.7,59.5,0,0
59,40.72,59.73,0,0
60,40.74,59.95,0,0
61,40.76,60.17,0,0
62,40.78,60.38,0,0
63,40.8,60.6,0,0
64,40.82,60.81,0,0
65,40.83,61.01,0,0
66,40.85,61.22,0,0
67,40.87,61.42,0,0
68,40.88,61.62,0,0
69,40.9,61.82,0,0
70,40.92,62.01,0,0
71,40.93,62.21,0,0
72,40.95,62.4,0,0
73,40.97,62.59,0,0
74,40.98,62.77,0,0
75,41,62.96,0,0
76,41.01,63.14,0,0
77,41.03,63.32,0,0
78,41.04,63.5,0,0
79,41.06,63.67,0,0
80,41.07,63.85,0,0
81,41.08,64.02,0,0
82,41.1,64.19,0,0
83,41.11,64.36,0,0
84,41.13,64.52,0,0
85,41.14,64.69,0,0
86,41.15,64.85,0,0
87,41.17,65.01,0,0
88,41.18,65.17,0,0
89,41.19,65.33,0,0
90,41.2,65.48,0,0
91,41.22,65.64,0,0
92,41.23,65.79,0,0
93,41.24,65.94,0,0
94,41.25,66.09,0,0
95,41.27,66.24,0,0
96,41.28,66.39,0,0
97,41.29,66.54,0,0
98,41.3,66.68,0,0
99,41.31,66.82,0,0
100,41.32,66.96,0,0
101,41.34,67.1,0,0
102,41.35,67.24,0,0
103,41.36,67.38,0,0
104,41.37,67.52,0,0
105,41.38,67.65,0,0
106,41.39,67.78,0,0
107,41.4,67.92,0,0
108,41.41,68.05,0,0
109,41.42,68.18,0,0
110,41.43,68.31,0,0
111,41.44,68.43,0,0
112,41.45,68.56,0,0
113,41.46,68.69,0,0
114,41.47,68.81,0,0
115,41.48,68.93,0,0
116,41.49,69.06,0,0
117,41.5,69.18,0,0
118,41.51,69.3,0,0
119,41.52,69.42,0,0
120,41.53,69.53,0,0
121,41.54,69.65,0,0
122,41.55,69.77,0,0
123,41.56,69.88,0,0
124,41.57,69.99,0,0
125,41.58,70.11,0,0
126,41.58,70.22,0,0
127,41.59,70.33,0,0
128,41.6,70.44,0,0
129,41.61,70.55,0,0
130,41.62,70.66,0,0
131,41.63,70.77,0,0
132,41.64,70.87,0,0
133,41.64,70.98,0,0
134,41.65,71.08,0,0
135,41.66,71.19,0,0
136,41.67,71.29,0,0
137,41.68,71.39,0,0
138,41.69,71.49,0,0
139,41.69,71.6,0,0
140,41.7,71.7,0,0
141,41.71,71.8,0,0
142,41.72,71.89,0,0
143,41.72,71.99,0,0
144,41.73,72.09,0,0
145,41.74,72.18,0,0
146,41.75,72.28,0,0
147,41.75,72.37,0,0
148,41.76,72.47,0,0
149,41.77,72.56,0,0
150,41.78,72.65,0,0
151,41.78,72.75,0,0
152,41.79,72.84,0,0
153,41.8,72.93,0,0
154,41.81,73.02,0,0
155,41.81,73.11,0,0
156,41.82,73.2,0,0
157,41.83,73.28,0,0
158,41.83,73.37,0,0
159,41.84,73.46,0,0
160,41.85,73.54,0,0
161,41.85,73.63,0,0
162,41.86,73.71,0,0
163,41.87,73.8,0,0
164,41.87,73.88,0,0
165,41.88,73.96,0,0
166,41.89,74.05,0,0
167,41.89,74.13,0,0
168,41.9,74.21,0,0
169,41.9,74.29,0,0
170,41.91,74.37,0,0
171,41.92,74.45,0,0
172,41.92,74.53,0,0
173,41.93,74.61,0,0
174,41.94,74.68,0,0
175,41.94,74.76,0,0
176,41.95,74.84,0,0
177,41.95,74.92,0,0
178,41.96,74.99,0,0
179,41.97,75.07,0,0
180,41.97,75.14,0,0
181,41.98,75.21,0,0
182,41.98,75.29,0,0
183,41.99,75.36,0,0
184,41.99,75.43,0,0
185,42,75.51,0,0
186,42.01,75.58,0,0
187,42.01,75.65,0,0
188,42.02,75.72,0,0
189,42.02,75.79,0,0
190,42.03,75.86,0,0
191,42.03,75.93,0,0
192,42.04,76,0,0
193,42.04,76.07,0,0
194,42.05,76.13,0,0
195,42.05,76.2,0,0
196,42.06,76.27,0,0
197,42.06,76.33,0,0
198,42.07,76.4,0,0
199,42.07,76.47,0,0
200,42.08,76.53,0,0
201,42.08,76.6,0,0
202,42.09,76.66,0,0
203,42.09,76.72,0,0
204,42.1,76.79,0,0
205,42.1,76.85,0,0
206,42.11,76.91,0,0
207,42.11,76.98,0,0
208,42.12,77.04,0,0
209,42.12,77.1,0,0
210,42.13,77.16,0,0
211,42.13,77.22,0,0
212,42.14,77.28,0,0
213,42.14,77.34,0,0
214,42.15,77.4,0,0
215,42.15,77.46,0,0
216,42.16,77.52,0,0
217,42.16,77.58,0,0
218,42.17,77.64,0,0
219,42.17,77.69,0,0
220,42.17,77.75,0,0
221,42.18,77.81,0,0
222,42.18,77.87,0,0
223,42.19,77.92,0,0
224,42.19,77.98,0,0
225,42.2,78.03,0,0
226,42.2,78.09,0,0
227,42.2,78.14,0,0
228,42.21,78.2,0,0
229,42.21,78.25,0,0
230,42.22,78.31,0,0
231,42.22,78.36,0,0
232,42.23,78.41,0,0
233,42.23,78.47,0,0
234,42.23,78.52,0,0
235,42.24,78.57,0,0
236,42.24,78.62,0,0
237,42.25,78.67,0,0
238,42.25,78.73,0,0
239,42.25,78.78,0,0
240,42.26,78.83,0,0
241,42.26,78.88,0,0
242,42.27,78.93,0,0
243,42.27,78.98,0,0
244,42.27,79.03,0,0
245,42.28,79.08,0,0
246,42.28,79.13,0,0
247,42.28,79.17,0,0
248,42.29,79.22,0,0
249,42.29,79.27,0,0
250,42.3,79.32,0,0
251,42.3,79.37,0,0
252,42.3,79.41,0,0
253,42.31,79.46,0,0
254,42.31,79.51,0,0
255,42.31,79.55,0,0
256,42.32,79.6,0,0
257,42.32,79.64,0,0
258,42.32,79.69,0,0
259,42.33,79.73,0,0
260,42.33,79.78,0,0
261,42.33,79.82,0,0
262,42.34,79.87,0,0
263,42.34,79.91,0,0
264,42.35,79.96,0,0
265,42.35,80,0,0
266,42.35,80.04,0,0
267,42.36,80.09,0,0
268,42.36,80.13,0,0
269,42.36,80.17,0,0
270,42.36,80.21,0,0
271,42.37,80.26,0,0
272,42.37,80.3,0,0
273,42.37,80.34,0,0
274,42.38,80.38,0,0
275,42.38,80.42,0,0
276,42.38,80.46,0,0
277,42.39,80.5,0,0
278,42.39,80.54,0,0
279,42.39,80.59,0,0
280,42.4,80.63,0,0
281,42.4,80.66,0,0
282,42.4,80.7,0,0
283,42.41,80.74,0,0
284,42.41,80.78,0,0
285,42.41,80.82,0,0
286,42.41,80.86,0,0
287,42.42,80.9,0,0
288,42.42,80.94,0,0
289,42.42,80.97,0,0
290,42.43,81.01,0,0
291,42.43,81.05,0,0
292,42.43,81.09,0,0
293,42.44,81.12,0,0
294,42.44,81.16,0,0
295,42.44,81.2,0,0
296,42.44,81.23,0,0
297,42.45,81.27,0,0
298,42.45,81.31,0,0
299,42.45,81.34,0,0
300,42.45,81.38,0,0
1,37.82,37.62,1,0
2,38.19,38.25,1,0
3,38.45,38.89,1,0
4,38.65,39.53,1,0
5,38.82,40.16,1,0
6,38.97,40.8,1,0
7,39.09,41.43,1,0
8,39.21,42.05,1,0
9,39.32,42.66,1,0
10,39.41,43.26,1,0
11,39.5,43.85,1,0
12,39.58,44.42,1,0
13,39.66,44.98,1,0
14,39.73,45.53,1,0
15,39.8,46.07,1,0
16,39.87,46.59,1,0
17,39.93,47.1,1,0
18,39.99,47.59,1,0
19,40.04,48.08,1,0
20,40.1,48.55,1,0
21,40.15,49.02,1,0
22,40.2,49.47,1,0
23,40.25,49.91,1,0
24,40.29,50.34,1,0
25,40.33,50.76,1,0
26,40.38,51.17,1,0
27,40.42,51.58,1,0
28,40.46,51.97,1,0
29,40.5,52.36,1,0
30,40.53,52.74,1,0
31,40.57,53.11,1,0
32,40.61,53.47,1,0
33,40.64,53.82,1,0
34,40.67,54.17,1,0
35,40.71,54.52,1,0
36,40.74,54.85,1,0
37,40.77,55.18,1,0
38,40.8,55.5,1,0
39,40.83,55.82,1,0
40,40.86,56.13,1,0
41,40.88,56.44,1,0
42,40.91,56.74,1,0
43,40.94,57.03,1,0
44,40.96,57.32,1,0
45,40.99,57.61,1,0
46,41.02,57.89,1,0
47,41.04,58.16,1,0
48,41.06,58.43,1,0
49,41.09,58.7,1,0
50,41.11,58.96,1,0
51,41.13,59.22,1,0
52,41.16,59.48,1,0
53,41.18,59.73,1,0
54,41.2,59.97,1,0
55,41.22,60.22,1,0
56,41.24,60.46,1,0
57,41.26,60.69,1,0
58,41.28,60.92,1,0
59,41.3,61.15,1,0
60,41.32,61.38,1,0
61,41.34,61.6,1,0
62,41.36,61.82,1,0
63,41.38,62.04,1,0
64,41.4,62.25,1,0
65,41.41,62.46,1,0
66,41.43,62.67,1,0
67,41.45,62.88,1,0
68,41.47,63.08,1,0
69,41.48,63.28,1,0
70,41.5,63.48,1,0
71,41.52,63.67,1,0
72,41.53,63.87,1,0
73,41.55,64.06,1,0
74,41.56,64.25,1,0
75,41.58,64.43,1,0
76,41.59,64.61,1,0
77,41.61,64.8,1,0
78,41.62,64.98,1,0
79,41.64,65.15,1,0
80,41.65,65.33,1,0
81,41.67,65.5,1,0
82,41.68,65.67,1,0
83,41.69,65.84,1,0
84,41.71,66.01,1,0
85,41.72,66.17,1,0
86,41.74,66.34,1,0
87,41.75,66.5,1,0
88,41.76,66.66,1,0
89,41.77,66.82,1,0
90,41.79,66.97,1,0
91,41.8,67.13,1,0
92,41.81,67.28,1,0
93,41.82,67.43,1,0
94,41.84,67.58,1,0
95,41.85,67.73,1,0
96,41.86,67.88,1,0
97,41.87,68.02,1,0
98,41.88,68.17,1,0
99,41.9,68.31,1,0
100,41.91,68.45,1,0
101,41.92,68.59,1,0
102,41.93,68.73,1,0
103,41.94,68.86,1,0
104,41.95,69,1,0
105,41.96,69.13,1,0
106,41.97,69.27,1,0
107,41.98,69.4,1,0
108,41.99,69.53,1,0
109,42,69.66,1,0
110,42.02,69.79,1,0
111,42.03,69.91,1,0
112,42.04,70.04,1,0
113,42.05,70.16,1,0
114,42.06,70.29,1,0
115,42.06,70.41,1,0
116,42.07,70.53,1,0
117,42.08,70.65,1,0
118,42.09,70.77,1,0
119,42.1,70.88,1,0
120,42.11,71,1,0
121,42.12,71.12,1,0
122,42.13,71.23,1,0
123,42.14,71.35,1,0
124,42.15,71.46,1,0
125,42.16,71.57,1,0
126,42.17,71.68,1,0
127,42.18,71.79,1,0
128,42.18,71.9,1,0
129,42.19,72.01,1,0
130,42.2,72.11,1,0
131,42.21,72.22,1,0
132,42.22,72.33,1,0
133,42.23,72.43,1,0
134,42.23,72.53,1,0
135,42.24,72.64,1,0
136,42.25,72.74,1,0
137,42.26,72.84,1,0
138,42.27,72.94,1,0
139,42.27,73.04,1,0
140,42.28,73.14,1,0
141,42.29,73.23,1,0
142,42.3,73.33,1,0
143,42.3,73.43,1,0
144,42.31,73.52,1,0
145,42.32,73.62,1,0
146,42.33,73.71,1,0
147,42.33,73.81,1,0
148,42.34,73.9,1,0
149,42.35,73.99,1,0
150,42.36,74.08,1,0
151,42.36,74.17,1,0
152,42.37,74.26,1,0
153,42.38,74.35,1,0
154,42.38,74.44,1,0
155,42.39,74.53,1,0
156,42.4,74.61,1,0
157,42.4,74.7,1,0
158,42.41,74.78,1,0
159,42.42,74.87,1,0
160,42.42,74.95,1,0
161,42.43,75.04,1,0
162,42.44,75.12,1,0
163,42.44,75.2,1,0
164,42.45,75.28,1,0
165,42.46,75.37,1,0
166,42.46,75.45,1,0
167,42.47,75.53,1,0
168,42.48,75.61,1,0
169,42.48,75.69,1,0
170,42.49,75.76,1,0
171,42.49,75.84,1,0
172,42.5,75.92,1,0
173,42.51,76,1,0
174,42.51,76.07,1,0
175,42.52,76.15,1,0
176,42.52,76.22,1,0
177,42.53,76.3,1,0
178,42.54,76.37,1,0
179,42.54,76.44,1,0
180,42.55,76.52,1,0
181,42.55,76.59,1,0
182,42.56,76.66,1,0
183,42.56,76.73,1,0
184,42.57,76.8,1,0
185,42.57,76.88,1,0
186,42.58,76.95,1,0
187,42.59,77.01,1,0
188,42.59,77.08,1,0
189,42.6,77.15,1,0
190,42.6,77.22,1,0
191,42.61,77.29,1,0
192,42.61,77.36,1,0
193,42.62,77.42,1,0
194,42.62,77.49,1,0
195,42.63,77.55,1,0
196,42.63,77.62,1,0
197,42.64,77.68,1,0
198,42.64,77.75,1,0
199,42.65,77.81,1,0
200,42.65,77.88,1,0
201,42.66,77.94,1,0
202,42.66,78,1,0
203,42.67,78.07,1,0
204,42.67,78.13,1,0
205,42.68,78.19,1,0
206,42.68,78.25,1,0
207,42.69,78.31,1,0
208,42.69,78.37,1,0
209,42.7,78.43,1,0
210,42.7,78.49,1,0
211,42.7,78.55,1,0
212,42.71,78.61,1,0
213,42.71,78.67,1,0
214,42.72,78.73,1,0
215,42.72,78.78,1,0
216,42.73,78.84,1,0
217,42.73,78.9,1,0
218,42.74,78.95,1,0
219,42.74,79.01,1,0
220,42.75,79.07,1,0
221,42.75,79.12,1,0
222,42.75,79.18,1,0
223,42.76,79.23,1,0
224,42.76,79.29,1,0
225,42.77,79.34,1,0
226,42.77,79.4,1,0
227,42.77,79.45,1,0
228,42.78,79.5,1,0
229,42.78,79.55,1,0
230,42.79,79.61,1,0
231,42.79,79.66,1,0
232,42.79,79.71,1,0
233,42.8,79.76,1,0
234,42.8,79.81,1,0
235,42.81,79.86,1,0
236,42.81,79.92,1,0
237,42.81,79.97,1,0
238,42.82,80.02,1,0
239,42.82,80.06,1,0
240,42.83,80.11,1,0
241,42.83,80.16,1,0
242,42.83,80.21,1,0
243,42.84,80.26,1,0
244,42.84,80.31,1,0
245,42.84,80.36,1,0
246,42.85,80.4,1,0
247,42.85,80.45,1,0
248,42.86,80.5,1,0
249,42.86,80.54,1,0
250,42.86,80.59,1,0
251,42.87,80.64,1,0
252,42.87,80.68,1,0
253,42.87,80.73,1,0
254,42.88,80.77,1,0
255,42.88,80.82,1,0
256,42.88,80.86,1,0
257,42.89,80.91,1,0
258,42.89,80.95,1,0
259,42.89,81,1,0
260,42.9,81.04,1,0
261,42.9,81.08,1,0
262,42.9,81.13,1,0
263,42.91,81.17,1,0
264,42.91,81.21,1,0
265,42.91,81.25,1,0
266,42.92,81.3,1,0
267,42.92,81.34,1,0
268,42.92,81.38,1,0
269,42.93,81.42,1,0
270,42.93,81.46,1,0
271,42.93,81.5,1,0
272,42.94,81.54,1,0
273,42.94,81.59,1,0
274,42.94,81.63,1,0
275,42.95,81.67,1,0
276,42.95,81.7,1,0
277,42.95,81.74,1,0
278,42.96,81.78,1,0
279,42.96,81.82,1,0
280,42.96,81.86,1,0
281,42.96,81.9,1,0
282,42.97,81.94,1,0
283,42.97,81.98,1,0
284,42.97,82.01,1,0
285,42.98,82.05,1,0
286,42.98,82.09,1,0
287,42.98,82.13,1,0
288,42.98,82.16,1,0
289,42.99,82.2,1,0
290,42.99,82.24,1,0
291,42.99,82.27,1,0
292,43,82.31,1,0
293,43,82.35,1,0
294,43,82.38,1,0
295,43,82.42,1,0
296,43.01,82.45,1,0
297,43.01,82.49,1,0
298,43.01,82.52,1,0
299,43.02,82.56,1,0
300,43.02,82.59,1,0
1,38.39,37.81,2,0
2,38.96,38.62,2,0
3,39.35,39.44,2,0
4,39.65,40.27,2,0
5,39.9,41.1,2,0
6,40.1,41.93,2,0
7,40.29,42.75,2,0
8,40.45,43.55,2,0
9,40.59,44.35,2,0
10,40.72,45.12,2,0
11,40.84,45.88,2,0
12,40.95,46.61,2,0
13,41.05,47.33,2,0
14,41.15,48.03,2,0
15,41.23,48.71,2,0
16,41.32,49.37,2,0
17,41.4,50.01,2,0
18,41.47,50.64,2,0
19,41.54,51.25,2,0
20,41.61,51.84,2,0
21,41.68,52.42,2,0
22,41.74,52.98,2,0
23,41.8,53.53,2,0
24,41.85,54.06,2,0
25,41.91,54.58,2,0
26,41.96,55.09,2,0
27,42.01,55.59,2,0
28,42.06,56.07,2,0
29,42.11,56.54,2,0
30,42.15,57,2,0
31,42.2,57.45,2,0
32,42.24,57.89,2,0
33,42.28,58.32,2,0
34,42.32,58.75,2,0
35,42.36,59.16,2,0
36,42.4,59.56,2,0
37,42.44,59.96,2,0
38,42.47,60.34,2,0
39,42.51,60.72,2,0
40,42.54,61.09,2,0
41,42.58,61.46,2,0
42,42.61,61.81,2,0
43,42.64,62.16,2,0
44,42.67,62.51,2,0
45,42.7,62.85,2,0
46,42.73,63.18,2,0
47,42.76,63.5,2,0
48,42.79,63.82,2,0
49,42.82,64.14,2,0
50,42.84,64.44,2,0
51,42.87,64.75,2,0
52,42.9,65.04,2,0
53,42.92,65.34,2,0
54,42.95,65.63,2,0
55,42.97,65.91,2,0
56,43,66.19,2,0
57,43.02,66.46,2,0
58,43.04,66.73,2,0
59,43.06,67,2,0
60,43.09,67.26,2,0
61,43.11,67.52,2,0
62,43.13,67.77,2,0
63,43.15,68.02,2,0
64,43.17,68.27,2,0
65,43.19,68.51,2,0
66,43.21,68.75,2,0
67,43.23,68.99,2,0
68,43.25,69.22,2,0
69,43.27,69.45,2,0
70,43.29,69.67,2,0
71,43.31,69.9,2,0
72,43.33,70.12,2,0
73,43.35,70.33,2,0
74,43.36,70.55,2,0
75,43.38,70.76,2,0
76,43.4,70.97,2,0
77,43.41,71.17,2,0
78,43.43,71.38,2,0
79,43.45,71.58,2,0
80,43.46,71.78,2,0
81,43.48,71.97,2,0
82,43.5,72.16,2,0
83,43.51,72.36,2,0
84,43.53,72.54,2,0
85,43.54,72.73,2,0
86,43.56,72.91,2,0
87,43.57,73.1,2,0
88,43.59,73.28,2,0
89,43.6,73.45,2,0
90,43.62,73.63,2,0
91,43.63,73.8,2,0
92,43.64,73.97,2,0
93,43.66,74.14,2,0
94,43.67,74.31,2,0
95,43.68,74.48,2,0
96,43.7,74.64,2,0
97,43.71,74.8,2,0
98,43.72,74.96,2,0
99,43.74,75.12,2,0
100,43.75,75.28,2,0
101,43.76,75.43,2,0
102,43.77,75.59,2,0
103,43.79,75.74,2,0
104,43.8,75.89,2,0
105,43.81,76.04,2,0
106,43.82,76.19,2,0
107,43.83,76.33,2,0
108,43.84,76.48,2,0
109,43.86,76.62,2,0
110,43.87,76.76,2,0
111,43.88,76.9,2,0
112,43.89,77.04,2,0
113,43.9,77.18,2,0
114,43.91,77.31,2,0
115,43.92,77.45,2,0
116,43.93,77.58,2,0
117,43.94,77.71,2,0
118,43.95,77.84,2,0
119,43.96,77.97,2,0
120,43.97,78.1,2,0
121,43.98,78.23,2,0
122,43.99,78.35,2,0
123,44,78.48,2,0
124,44.01,78.6,2,0
125,44.02,78.72,2,0
126,44.03,78.84,2,0
127,44.04,78.96,2,0
128,44.05,79.08,2,0
129,44.06,79.2,2,0
130,44.07,79.32,2,0
131,44.08,79.43,2,0
132,44.09,79.55,2,0
133,44.1,79.66,2,0
134,44.11,79.78,2,0
135,44.11,79.89,2,0
136,44.12,80,2,0
137,44.13,80.11,2,0
138,44.14,80.22,2,0
139,44.15,80.33,2,0
140,44.16,80.43,2,0
141,44.17,80.54,2,0
142,44.17,80.64,2,0
143,44.18,80.75,2,0
144,44.19,80.85,2,0
145,44.2,80.95,2,0
146,44.21,81.06,2,0
147,44.21,81.16,2,0
148,44.22,81.26,2,0
149,44.23,81.36,2,0
150,44.24,81.45,2,0
151,44.25,81.55,2,0
152,44.25,81.65,2,0
153,44.26,81.75,2,0
154,44.27,81.84,2,0
155,44.28,81.94,2,0
156,44.28,82.03,2,0
157,44.29,82.12,2,0
158,44.3,82.21,2,0
159,44.3,82.31,2,0
160,44.31,82.4,2,0
161,44.32,82.49,2,0
162,44.33,82.58,2,0
163,44.33,82.67,2,0
164,44.34,82.75,2,0
165,44.35,82.84,2,0
166,44.35,82.93,2,0
167,44.36,83.01,2,0
168,44.37,83.1,2,0
169,44.37,83.18,2,0
170,44.38,83.27,2,0
171,44.39,83.35,2,0
172,44.39,83.43,2,0
173,44.4,83.52,2,0
174,44.4,83.6,2,0
175,44.41,83.68,2,0
176,44.42,83.76,2,0
177,44.42,83.84,2,0
178,44.43,83.92,2,0
179,44.44,84,2,0
180,44.44,84.07,2,0
181,44.45,84.15,2,0
182,44.45,84.23,2,0
183,44.46,84.31,2,0
184,44.47,84.38,2,0
185,44.47,84.46,2,0
186,44.48,84.53,2,0
187,44.48,84.61,2,0
188,44.49,84.68,2,0
189,44.49,84.75,2,0
190,44.5,84.82,2,0
191,44.51,84.9,2,0
192,44.51,84.97,2,0
193,44.52,85.04,2,0
194,44.52,85.11,2,0
195,44.53,85.18,2,0
196,44.53,85.25,2,0
197,44.54,85.32,2,0
198,44.54,85.39,2,0
199,44.55,85.46,2,0
200,44.55,85.52,2,0
201,44.56,85.59,2,0
202,44.56,85.66,2,0
203,44.57,85.72,2,0
204,44.57,85.79,2,0
205,44.58,85.85,2,0
206,44.58,85.92,2,0
207,44.59,85.98,2,0
208,44.59,86.05,2,0
209,44.6,86.11,2,0
210,44.6,86.17,2,0
211,44.61,86.24,2,0
212,44.61,86.3,2,0
213,44.62,86.36,2,0
214,44.62,86.42,2,0
215,44.63,86.48,2,0
216,44.63,86.54,2,0
217,44.64,86.6,2,0
218,44.64,86.66,2,0
219,44.65,86.72,2,0
220,44.65,86.78,2,0
221,44.66,86.84,2,0
222,44.66,86.9,2,0
223,44.66,86.96,2,0
224,44.67,87.02,2,0
225,44.67,87.07,2,0
226,44.68,87.13,2,0
227,44.68,87.19,2,0
228,44.69,87.24,2,0
229,44.69,87.3,2,0
230,44.7,87.35,2,0
231,44.7,87.41,2,0
232,44.7,87.46,2,0
233,44.71,87.52,2,0
234,44.71,87.57,2,0
235,44.72,87.62,2,0
236,44.72,87.68,2,0
237,44.72,87.73,2,0
238,44.73,87.78,2,0
239,44.73,87.83,2,0
240,44.74,87.89,2,0
241,44.74,87.94,2,0
242,44.74,87.99,2,0
243,44.75,88.04,2,0
244,44.75,88.09,2,0
245,44.76,88.14,2,0
246,44.76,88.19,2,0
247,44.76,88.24,2,0
248,44.77,88.29,2,0
249,44.77,88.34,2,0
250,44.78,88.39,2,0
251,44.78,88.44,2,0
252,44.78,88.48,2,0
253,44.79,88.53,2,0
254,44.79,88.58,2,0
255,44.79,88.63,2,0
256,44.8,88.67,2,0
257,44.8,88.72,2,0
258,44.8,88.77,2,0
259,44.81,88.81,2,0
260,44.81,88.86,2,0
261,44.81,88.9,2,0
262,44.82,88.95,2,0
263,44.82,88.99,2,0
264,44.83,89.04,2,0
265,44.83,89.08,2,0
266,44.83,89.13,2,0
267,44.84,89.17,2,0
268,44.84,89.21,2,0
269,44.84,89.26,2,0
270,44.85,89.3,2,0
271,44.85,89.34,2,0
272,44.85,89.39,2,0
273,44.86,89.43,2,0
274,44.86,89.47,2,0
275,44.86,89.51,2,0
276,44.86,89.55,2,0
277,44.87,89.59,2,0
278,44.87,89.63,2,0
279,44.87,89.68,2,0
280,44.88,89.72,2,0
281,44.88,89.76,2,0
282,44.88,89.8,2,0
283,44.89,89.84,2,0
284,44.89,89.88,2,0
285,44.89,89.91,2,0
286,44.9,89.95,2,0
287,44.9,89.99,2,0
288,44.9,90.03,2,0
289,44.9,90.07,2,0
290,44.91,90.11,2,0
291,44.91,90.15,2,0
292,44.91,90.18,2,0
293,44.92,90.22,2,0
294,44.92,90.26,2,0
295,44.92,90.3,2,0
296,44.92,90.33,2,0
297,44.93,90.37,2,0
298,44.93,90.4,2,0
299,44.93,90.44,2,0
300,44.94,90.48,2,0
1,40.6,38.2,3,0
2,41.81,39.42,3,0
3,42.58,40.65,3,0
4,43.13,41.91,3,0
5,43.57,43.17,3,0
6,43.93,44.42,3,0
7,44.23,45.66,3,0
8,44.5,46.88,3,0
9,44.73,48.07,3,0
10,44.94,49.23,3,0
11,45.12,50.36,3,0
12,45.29,51.45,3,0
13,45.45,52.51,3,0
14,45.6,53.54,3,0
15,45.73,54.54,3,0
16,45.86,55.5,3,0
17,45.97,56.44,3,0
18,46.08,57.34,3,0
19,46.19,58.22,3,0
20,46.29,59.07,3,0
21,46.38,59.89,3,0
22,46.47,60.69,3,0
23,46.55,61.46,3,0
24,46.63,62.22,3,0
25,46.71,62.95,3,0
26,46.79,63.66,3,0
27,46.86,64.35,3,0
28,46.92,65.03,3,0
29,46.99,65.68,3,0
30,47.05,66.32,3,0
31,47.11,66.94,3,0
32,47.17,67.55,3,0
33,47.23,68.14,3,0
34,47.29,68.71,3,0
35,47.34,69.28,3,0
36,47.39,69.83,3,0
37,47.44,70.36,3,0
38,47.49,70.89,3,0
39,47.54,71.4,3,0
40,47.58,71.9,3,0
41,47.63,72.39,3,0
42,47.67,72.87,3,0
43,47.71,73.34,3,0
44,47.75,73.8,3,0
45,47.79,74.25,3,0
46,47.83,74.69,3,0
47,47.87,75.13,3,0
48,47.91,75.55,3,0
49,47.95,75.97,3,0
50,47.98,76.37,3,0
51,48.02,76.77,3,0
52,48.05,77.17,3,0
53,48.08,77.55,3,0
54,48.12,77.93,3,0
55,48.15,78.3,3,0
56,48.18,78.67,3,0
57,48.21,79.03,3,0
58,48.24,79.38,3,0
59,48.27,79.73,3,0
60,48.3,80.07,3,0
61,48.33,80.4,3,0
62,48.35,80.73,3,0
63,48.38,81.05,3,0
64,48.41,81.37,3,0
65,48.43,81.69,3,0
66,48.46,82,3,0
67,48.48,82.3,3,0
68,48.51,82.6,3,0
69,48.53,82.89,3,0
70,48.56,83.18,3,0
71,48.58,83.47,3,0
72,48.61,83.75,3,0
73,48.63,84.03,3,0
74,48.65,84.3,3,0
75,48.67,84.57,3,0
76,48.69,84.84,3,0
77,48.72,85.1,3,0
78,48.74,85.36,3,0
79,48.76,85.62,3,0
80,48.78,85.87,3,0
81,48.8,86.11,3,0
82,48.82,86.36,3,0
83,48.84,86.6,3,0
84,48.86,86.84,3,0
85,48.88,87.07,3,0
86,48.89,87.31,3,0
87,48.91,87.53,3,0
88,48.93,87.76,3,0
89,48.95,87.98,3,0
90,48.97,88.2,3,0
91,48.98,88.42,3,0
92,49,88.64,3,0
93,49.02,88.85,3,0
94,49.04,89.06,3,0
95,49.05,89.27,3,0
96,49.07,89.47,3,0
97,49.08,89.67,3,0
98,49.1,89.87,3,0
99,49.12,90.07,3,0
100,49.13,90.27,3,0
101,49.15,90.46,3,0
102,49.16,90.65,3,0
103,49.18,90.84,3,0
104,49.19,91.03,3,0
105,49.21,91.21,3,0
106,49.22,91.39,3,0
107,49.24,91.57,3,0
108,49.25,91.75,3,0
109,49.26,91.93,3,0
110,49.28,92.1,3,0
111,49.29,92.28,3,0
112,49.3,92.45,3,0
113,49.32,92.62,3,0
114,49.33,92.78,3,0
115,49.34,92.95,3,0
116,49.36,93.11,3,0
117,49.37,93.27,3,0
118,49.38,93.43,3,0
119,49.39,93.59,3,0
120,49.41,93.75,3,0
121,49.42,93.91,3,0
122,49.43,94.06,3,0
123,49.44,94.21,3,0
124,49.46,94.36,3,0
125,49.47,94.51,3,0
126,49.48,94.66,3,0
127,49.49,94.81,3,0
128,49.5,94.95,3,0
129,49.51,95.1,3,0
130,49.52,95.24,3,0
131,49.53,95.38,3,0
132,49.55,95.52,3,0
133,49.56,95.66,3,0
134,49.57,95.79,3,0
135,49.58,95.93,3,0
136,49.59,96.06,3,0
137,49.6,96.2,3,0
138,49.61,96.33,3,0
139,49.62,96.46,3,0
140,49.63,96.59,3,0
141,49.64,96.72,3,0
142,49.65,96.85,3,0
143,49.66,96.97,3,0
144,49.67,97.1,3,0
145,49.68,97.22,3,0
146,49.69,97.34,3,0
147,49.7,97.46,3,0
148,49.71,97.58,3,0
149,49.72,97.7,3,0
150,49.72,97.82,3,0
151,49.73,97.94,3,0
152,49.74,98.06,3,0
153,49.75,98.17,3,0
154,49.76,98.29,3,0
155,49.77,98.4,3,0
156,49.78,98.51,3,0
157,49.79,98.62,3,0
158,49.8,98.73,3,0
159,49.8,98.84,3,0
160,49.81,98.95,3,0
161,49.82,99.06,3,0
162,49.83,99.17,3,0
163,49.84,99.27,3,0
164,49.84,99.38,3,0
165,49.85,99.48,3,0
166,49.86,99.59,3,0
167,49.87,99.69,3,0
168,49.88,99.79,3,0
169,49.88,99.88,3,0
170,49.89,99.96,3,0
171,49.9,100,3,0
172,49.91,100,3,0
173,49.91,100,3,0
174,49.92,100,3,0
175,49.93,100,3,0
176,49.94,100,3,0
177,49.94,100,3,0
178,49.95,100,3,0
179,49.95,100,3,0
180,49.96,100,3,0
181,49.97,100,3,0
182,49.97,100,3,0
183,49.98,100,3,0
184,49.98,100,3,0
185,49.99,100,3,0
186,49.99,100,3,0
187,50,100,3,0
188,50,100,3,0
189,50.01,100,3,0
190,50.01,100,3,0
191,50.02,100,3,0
192,50.02,100,3,0
193,50.02,100,3,0
194,50.03,100,3,0
195,50.03,100,3,0
196,50.04,100,3,0
197,50.04,100,3,0
198,50.04,100,3,0
199,50.05,100,3,0
200,50.05,100,3,0
201,50.05,100,3,0
202,50.06,100,3,0
203,50.06,100,3,0
204,50.06,100,3,0
205,50.07,100,3,0
206,50.07,100,3,0
207,50.07,100,3,0
208,50.07,100,3,0
209,50.08,100,3,0
210,50.08,100,3,0
211,50.08,100,3,0
212,50.09,100,3,0
213,50.09,100,3,0
214,50.09,100,3,0
215,50.09,100,3,0
216,50.1,100,3,0
217,50.1,100,3,0
218,50.1,100,3,0
219,50.1,100,3,0
220,50.1,100,3,0
221,50.11,100,3,0
222,50.11,100,3,0
223,50.11,100,3,0
224,50.11,100,3,0
225,50.12,100,3,0
226,50.12,100,3,0
227,50.12,100,3,0
228,50.12,100,3,0
229,50.12,100,3,0
230,50.12,100,3,0
231,50.13,100,3,0
232,50.13,100,3,0
233,50.13,100,3,0
234,50.13,100,3,0
235,50.13,100,3,0
236,50.14,100,3,0
237,50.14,100,3,0
238,50.14,100,3,0
239,50.14,100,3,0
240,50.14,100,3,0
241,50.14,100,3,0
242,50.14,100,3,0
243,50.15,100,3,0
244,50.15,100,3,0
245,50.15,100,3,0
246,50.15,100,3,0
247,50.15,100,3,0
248,50.15,100,3,0
249,50.15,100,3,0
250,50.16,100,3,0
251,50.16,100,3,0
252,50.16,100,3,0
253,50.16,100,3,0
254,50.16,100,3,0
255,50.16,100,3,0
256,50.16,100,3,0
257,50.16,100,3,0
258,50.17,100,3,0
259,50.17,100,3,0
260,50.17,100,3,0
261,50.17,100,3,0
262,50.17,100,3,0
263,50.17,100,3,0
264,50.17,100,3,0
265,50.17,100,3,0
266,50.17,100,3,0
267,50.18,100,3,0
268,50.18,100,3,0
269,50.18,100,3,0
270,50.18,100,3,0
271,50.18,100,3,0
272,50.18,100,3,0
273,50.18,100,3,0
274,50.18,100,3,0
275,50.18,100,3,0
276,50.18,100,3,0
277,50.19,100,3,0
278,50.19,100,3,0
279,50.19,100,3,0
280,50.19,100,3,0
281,50.19,100,3,0
282,50.19,100,3,0
283,50.19,100,3,0
284,50.19,100,3,0
285,50.19,100,3,0
286,50.19,100,3,0
287,50.19,100,3,0
288,50.19,100,3,0
289,50.2,100,3,0
290,50.2,100,3,0
291,50.2,100,3,0
292,50.2,100,3,0
293,50.2,100,3,0
294,50.2,100,3,0
295,50.2,100,3,0
296,50.2,100,3,0
297,50.2,100,3,0
298,50.2,100,3,0
299,50.2,100,3,0
300,50.2,100,3,0
1,37.63,37.58,0,1
2,37.93,38.16,0,1
3,38.14,38.74,0,1
4,38.31,39.33,0,1
5,38.45,39.91,0,1
6,38.58,40.49,0,1
7,38.69,41.07,0,1
8,38.79,41.64,0,1
9,38.88,42.2,0,1
10,38.96,42.75,0,1
11,39.04,43.29,0,1
12,39.12,43.82,0,1
13,39.19,44.34,0,1
14,39.25,44.84,0,1
15,39.31,45.34,0,1
16,39.37,45.82,0,1
17,39.43,46.3,0,1
18,39.48,46.76,0,1
19,39.53,47.21,0,1
20,39.58,47.66,0,1
21,39.63,48.09,0,1
22,39.67,48.51,0,1
23,39.72,48.93,0,1
24,39.76,49.33,0,1
25,39.8,49.73,0,1
26,39.84,50.12,0,1
27,39.88,50.5,0,1
28,39.92,50.87,0,1
29,39.95,51.24,0,1
30,39.99,51.6,0,1
31,40.02,51.95,0,1
32,40.06,52.3,0,1
33,40.09,52.64,0,1
34,40.12,52.97,0,1
35,40.15,53.3,0,1
36,40.18,53.62,0,1
37,40.21,53.93,0,1
38,40.24,54.24,0,1
39,40.27,54.55,0,1
40,40.29,54.85,0,1
41,40.32,55.14,0,1
42,40.35,55.43,0,1
43,40.37,55.71,0,1
44,40.4,55.99,0,1
45,40.42,56.27,0,1
46,40.45,56.54,0,1
47,40.47,56.81,0,1
48,40.49,57.07,0,1
49,40.52,57.33,0,1
50,40.54,57.59,0,1
51,40.56,57.84,0,1
52,40.58,58.09,0,1
53,40.6,58.33,0,1
54,40.62,58.57,0,1
55,40.65,58.81,0,1
56,40.67,59.04,0,1
57,40.69,59.27,0,1
58,40.7,59.5,0,1
59,40.72,59.73,0,1
60,40.74,59.95,0,1
61,40.76,60.17,0,1
62,40.78,60.38,0,1
63,40.8,60.6,0,1
64,40.82,60.81,0,1
65,40.83,61.01,0,1
66,40.85,61.22,0,1
67,40.87,61.42,0,1
68,40.88,61.62,0,1
69,40.9,61.82,0,1
70,40.92,62.01,0,1
71,40.93,62.21,0,1
72,40.95,62.4,0,1
73,40.97,62.59,0,1
74,40.98,62.77,0,1
75,41,62.96,0,1
76,41.01,63.14,0,1
77,41.03,63.32,0,1
78,41.04,63.5,0,1
79,41.06,63.67,0,1
80,41.07,63.85,0,1
81,41.08,64.02,0,1
82,41.1,64.19,0,1
83,41.11,64.36,0,1
84,41.13,64.52,0,1
85,41.14,64.69,0,1
86,41.15,64.85,0,1
87,41.17,65.01,0,1
88,41.18,65.17,0,1
89,41.19,65.33,0,1
90,41.2,65.48,0,1
91,41.22,65.64,0,1
92,41.23,65.79,0,1
93,41.24,65.94,0,1
94,41.25,66.09,0,1
95,41.27,66.24,0,1
96,41.28,66.39,0,1
97,41.29,66.54,0,1
98,41.3,66.68,0,1
99,41.31,66.82,0,1
100,41.32,66.96,0,1
101,41.34,67.1,0,1
102,41.35,67.24,0,1
103,41.36,67.38,0,1
104,41.37,67.52,0,1
105,41.38,67.65,0,1
106,41.39,67.78,0,1
107,41.4,67.92,0,1
108,41.41,68.05,0,1
109,41.42,68.18,0,1
110,41.43,68.31,0,1
111,41.44,68.43,0,1
112,41.45,68.56,0,1
113,41.46,68.69,0,1
114,41.47,68.81,0,1
115,41.48,68.93,0,1
116,41.49,69.06,0,1
117,41.5,69.18,0,1
118,41.51,69.3,0,1
119,41.52,69.42,0,1
120,41.53,69.53,0,1
121,41.54,69.65,0,1
122,41.55,69.77,0,1
123,41.56,69.88,0,1
124,41.57,69.99,0,1
125,41.58,70.11,0,1
126,41.58,70.22,0,1
127,41.59,70.33,0,1
128,41.6,70.44,0,1
129,41.61,70.55,0,1
130,41.62,70.66,0,1
131,41.63,70.77,0,1
132,41.64,70.87,0,1
133,41.64,70.98,0,1
134,41.65,71.08,0,1
135,41.66,71.19,0,1
136,41.67,71.29,0,1
137,41.68,71.39,0,1
138,41.69,71.49,0,1
139,41.69,71.6,0,1
140,41.7,71.7,0,1
141,41.71,71.8,0,1
142,41.72,71.89,0,1
143,41.72,71.99,0,1
144,41.73,72.09,0,1
145,41.74,72.18,0,1
146,41.75,72.28,0,1
147,41.75,72.37,0,1
148,41.76,72.47,0,1
149,41.77,72.56,0,1
150,41.78,72.65,0,1
151,41.78,72.75,0,1
152,41.79,72.84,0,1
153,41.8,72.93,0,1
154,41.81,73.02,0,1
155,41.81,73.11,0,1
156,41.82,73.2,0,1
157,41.83,73.28,0,1
158,41.83,73.37,0,1
159,41.84,73.46,0,1
160,41.85,73.54,0,1
161,41.85,73.63,0,1
162,41.86,73.71,0,1
163,41.87,73.8,0,1
164,41.87,73.88,0,1
165,41.88,73.96,0,1
166,41.89,74.05,0,1
167,41.89,74.13,0,1
168,41.9,74.21,0,1
169,41.9,74.29,0,1
170,41.91,74.37,0,1
171,41.92,74.45,0,1
172,41.92,74.53,0,1
173,41.93,74.61,0,1
174,41.94,74.68,0,1
175,41.94,74.76,0,1
176,41.95,74.84,0,1
177,41.95,74.92,0,1
178,41.96,74.99,0,1
179,41.97,75.07,0,1
180,41.97,75.14,0,1
181,41.98,75.21,0,1
182,41.98,75.29,0,1
183,41.99,75.36,0,1
184,41.99,75.43,0,1
185,42,75.51,0,1
186,42.01,75.58,0,1
187,42.01,75.65,0,1
188,42.02,75.72,0,1
189,42.02,75.79,0,1
190,42.03,75.86,0,1
191,42.03,75.93,0,1
192,42.04,76,0,1
193,42.04,76.07,0,1
194,42.05,76.13,0,1
195,42.05,76.2,0,1
196,42.06,76.27,0,1
197,42.06,76.33,0,1
198,42.07,76.4,0,1
199,42.07,76.47,0,1
200,42.08,76.53,0,1
201,42.08,76.6,0,1
202,42.09,76.66,0,1
203,42.09,76.72,0,1
204,42.1,76.79,0,1
205,42.1,76.85,0,1
206,42.11,76.91,0,1
207,42.11,76.98,0,1
208,42.12,77.04,0,1
209,42.12,77.1,0,1
210,42.13,77.16,0,1
211,42.13,77.22,0,1
212,42.14,77.28,0,1
213,42.14,77.34,0,1
214,42.15,77.4,0,1
215,42.15,77.46,0,1
216,42.16,77.52,0,1
217,42.16,77.58,0,1
218,42.17,77.64,0,1
219,42.17,77.69,0,1
220,42.17,77.75,0,1
221,42.18,77.81,0,1
222,42.18,77.87,0,1
223,42.19,77.92,0,1
224,42.19,77.98,0,1
225,42.2,78.03,0,1
226,42.2,78.09,0,1
227,42.2,78.14,0,1
228,42.21,78.2,0,1
229,42.21,78.25,0,1
230,42.22,78.31,0,1
231,42.22,78.36,0,1
232,42.23,78.41,0,1
233,42.23,78.47,0,1
234,42.23,78.52,0,1
235,42.24,78.57,0,1
236,42.24,78.62,0,1
237,42.25,78.67,0,1
238,42.25,78.73,0,1
239,42.25,78.78,0,1
240,42.26,78.83,0,1
241,42.26,78.88,0,1
242,42.27,78.93,0,1
243,42.27,78.98,0,1
244,42.27,79.03,0,1
245,42.28,79.08,0,1
246,42.28,79.13,0,1
247,42.28,79.17,0,1
248,42.29,79.22,0,1
249,42.29,79.27,0,1
250,42.3,79.32,0,1
251,42.3,79.37,0,1
252,42.3,79.41,0,1
253,42.31,79.46,0,1
254,42.31,79.51,0,1
255,42.31,79.55,0,1
256,42.32,79.6,0,1
257,42.32,79.64,0,1
258,42.32,79.69,0,1
259,42.33,79.73,0,1
260,42.33,79.78,0,1
261,42.33,79.82,0,1
262,42.34,79.87,0,1
263,42.34,79.91,0,1
264,42.35,79.96,0,1
265,42.35,80,0,1
266,42.35,80.04,0,1
267,42.36,80.09,0,1
268,42.36,80.13,0,1
269,42.36,80.17,0,1
270,42.36,80.21,0,1
271,42.37,80.26,0,1
272,42.37,80.3,0,1
273,42.37,80.34,0,1
274,42.38,80.38,0,1
275,42.38,80.42,0,1
276,42.38,80.46,0,1
277,42.39,80.5,0,1
278,42.39,80.54,0,1
279,42.39,80.59,0,1
280,42.4,80.63,0,1
281,42.4,80.66,0,1
282,42.4,80.7,0,1
283,42.41,80.74,0,1
284,42.41,80.78,0,1
285,42.41,80.82,0,1
286,42.41,80.86,0,1
287,42.42,80.9,0,1
288,42.42,80.94,0,1
289,42.42,80.97,0,1
290,42.43,81.01,0,1
291,42.43,81.05,0,1
292,42.43,81.09,0,1
293,42.44,81.12,0,1
294,42.44,81.16,0,1
295,42.44,81.2,0,1
296,42.44,81.23,0,1
297,42.45,81.27,0,1
298,42.45,81.31,0,1
299,42.45,81.34,0,1
300,42.45,81.38,0,1
1,37.52,37.48,0,2
2,37.77,37.97,0,2
3,37.95,38.45,0,2
4,38.09,38.95,0,2
5,38.21,39.44,0,2
6,38.32,39.93,0,2
7,38.41,40.41,0,2
8,38.5,40.89,0,2
9,38.58,41.37,0,2
10,38.65,41.83,0,2
11,38.72,42.29,0,2
12,38.78,42.74,0,2
13,38.84,43.19,0,2
14,38.9,43.62,0,2
15,38.95,44.04,0,2
16,39,44.46,0,2
17,39.05,44.87,0,2
18,39.1,45.26,0,2
19,39.14,45.65,0,2
20,39.18,46.04,0,2
21,39.23,46.41,0,2
22,39.27,46.78,0,2
23,39.3,47.14,0,2
24,39.34,47.49,0,2
25,39.38,47.84,0,2
26,39.41,48.17,0,2
27,39.45,48.51,0,2
28,39.48,48.83,0,2
29,39.51,49.15,0,2
30,39.54,49.47,0,2
31,39.57,49.78,0,2
32,39.6,50.08,0,2
33,39.63,50.38,0,2
34,39.66,50.67,0,2
35,39.69,50.96,0,2
36,39.72,51.24,0,2
37,39.74,51.52,0,2
38,39.77,51.79,0,2
39,39.79,52.06,0,2
40,39.82,52.33,0,2
41,39.84,52.59,0,2
42,39.87,52.84,0,2
43,39.89,53.1,0,2
44,39.91,53.34,0,2
45,39.93,53.59,0,2
46,39.96,53.83,0,2
47,39.98,54.07,0,2
48,40,54.3,0,2
49,40.02,54.54,0,2
50,40.04,54.76,0,2
51,40.06,54.99,0,2
52,40.08,55.21,0,2
53,40.1,55.43,0,2
54,40.12,55.64,0,2
55,40.14,55.86,0,2
56,40.15,56.07,0,2
57,40.17,56.27,0,2
58,40.19,56.48,0,2
59,40.21,56.68,0,2
60,40.22,56.88,0,2
61,40.24,57.08,0,2
62,40.26,57.27,0,2
63,40.27,57.46,0,2
64,40.29,57.65,0,2
65,40.31,57.84,0,2
66,40.32,58.03,0,2
67,40.34,58.21,0,2
68,40.35,58.39,0,2
69,40.37,58.57,0,2
70,40.38,58.75,0,2
71,40.4,58.92,0,2
72,40.41,59.09,0,2
73,40.43,59.26,0,2
74,40.44,59.43,0,2
75,40.46,59.6,0,2
76,40.47,59.77,0,2
77,40.48,59.93,0,2
78,40.5,60.09,0,2
79,40.51,60.25,0,2
80,40.52,60.41,0,2
81,40.54,60.57,0,2
82,40.55,60.72,0,2
83,40.56,60.87,0,2
84,40.58,61.03,0,2
85,40.59,61.18,0,2
86,40.6,61.33,0,2
87,40.61,61.47,0,2
88,40.62,61.62,0,2
89,40.64,61.76,0,2
90,40.65,61.91,0,2
91,40.66,62.05,0,2
92,40.67,62.19,0,2
93,40.68,62.33,0,2
94,40.69,62.46,0,2
95,40.71,62.6,0,2
96,40.72,62.74,0,2
97,40.73,62.87,0,2
98,40.74,63,0,2
99,40.75,63.13,0,2
100,40.76,63.26,0,2
101,40.77,63.39,0,2
102,40.78,63.52,0,2
103,40.79,63.65,0,2
104,40.8,63.77,0,2
105,40.81,63.9,0,2
106,40.82,64.02,0,2
107,40.83,64.14,0,2
108,40.84,64.26,0,2
109,40.85,64.38,0,2
110,40.86,64.5,0,2
111,40.87,64.62,0,2
112,40.88,64.73,0,2
113,40.89,64.85,0,2
114,40.9,64.97,0,2
115,40.91,65.08,0,2
116,40.92,65.19,0,2
117,40.93,65.3,0,2
118,40.93,65.42,0,2
119,40.94,65.53,0,2
120,40.95,65.63,0,2
121,40.96,65.74,0,2
122,40.97,65.85,0,2
123,40.98,65.96,0,2
124,40.99,66.06,0,2
125,40.99,66.17,0,2
126,41,66.27,0,2
127,41.01,66.37,0,2
128,41.02,66.48,0,2
129,41.03,66.58,0,2
130,41.04,66.68,0,2
131,41.04,66.78,0,2
132,41.05,66.88,0,2
133,41.06,66.98,0,2
134,41.07,67.07,0,2
135,41.08,67.17,0,2
136,41.08,67.27,0,2
137,41.09,67.36,0,2
138,41.1,67.46,0,2
139,41.11,67.55,0,2
140,41.11,67.64,0,2
141,41.12,67.74,0,2
142,41.13,67.83,0,2
143,41.13,67.92,0,2
144,41.14,68.01,0,2
145,41.15,68.1,0,2
146,41.16,68.19,0,2
147,41.16,68.28,0,2
148,41.17,68.37,0,2
149,41.18,68.45,0,2
150,41.18,68.54,0,2
151,41.19,68.63,0,2
152,41.2,68.71,0,2
153,41.2,68.8,0,2
154,41.21,68.88,0,2
155,41.22,68.96,0,2
156,41.22,69.05,0,2
157,41.23,69.13,0,2
158,41.24,69.21,0,2
159,41.24,69.29,0,2
160,41.25,69.37,0,2
161,41.26,69.45,0,2
162,41.26,69.53,0,2
163,41.27,69.61,0,2
164,41.28,69.69,0,2
165,41.28,69.77,0,2
166,41.29,69.84,0,2
167,41.29,69.92,0,2
168,41.3,70,0,2
169,41.31,70.07,0,2
170,41.31,70.15,0,2
171,41.32,70.22,0,2
172,41.32,70.3,0,2
173,41.33,70.37,0,2
174,41.33,70.44,0,2
175,41.34,70.52,0,2
176,41.35,70.59,0,2
177,41.35,70.66,0,2
178,41.36,70.73,0,2
179,41.36,70.8,0,2
180,41.37,70.87,0,2
181,41.37,70.94,0,2
182,41.38,71.01,0,2
183,41.38,71.08,0,2
184,41.39,71.15,0,2
185,41.4,71.22,0,2
186,41.4,71.28,0,2
187,41.41,71.35,0,2
188,41.41,71.42,0,2
189,41.42,71.48,0,2
190,41.42,71.55,0,2
191,41.43,71.62,0,2
192,41.43,71.68,0,2
193,41.44,71.75,0,2
194,41.44,71.81,0,2
195,41.45,71.87,0,2
196,41.45,71.94,0,2
197,41.46,72,0,2
198,41.46,72.06,0,2
199,41.47,72.12,0,2
200,41.47,72.19,0,2
201,41.48,72.25,0,2
202,41.48,72.31,0,2
203,41.49,72.37,0,2
204,41.49,72.43,0,2
205,41.49,72.49,0,2
206,41.5,72.55,0,2
207,41.5,72.61,0,2
208,41.51,72.67,0,2
209,41.51,72.72,0,2
210,41.52,72.78,0,2
211,41.52,72.84,0,2
212,41.53,72.9,0,2
213,41.53,72.95,0,2
214,41.54,73.01,0,2
215,41.54,73.07,0,2
216,41.54,73.12,0,2
217,41.55,73.18,0,2
218,41.55,73.23,0,2
219,41.56,73.29,0,2
220,41.56,73.34,0,2
221,41.57,73.4,0,2
222,41.57,73.45,0,2
223,41.57,73.5,0,2
224,41.58,73.56,0,2
225,41.58,73.61,0,2
226,41.59,73.66,0,2
227,41.59,73.72,0,2
228,41.59,73.77,0,2
229,41.6,73.82,0,2
230,41.6,73.87,0,2
231,41.61,73.92,0,2
232,41.61,73.97,0,2
233,41.61,74.02,0,2
234,41.62,74.07,0,2
235,41.62,74.12,0,2
236,41.63,74.17,0,2
237,41.63,74.22,0,2
238,41.63,74.27,0,2
239,41.64,74.32,0,2
240,41.64,74.37,0,2
241,41.65,74.41,0,2
242,41.65,74.46,0,2
243,41.65,74.51,0,2
244,41.66,74.56,0,2
245,41.66,74.6,0,2
246,41.66,74.65,0,2
247,41.67,74.7,0,2
248,41.67,74.74,0,2
249,41.67,74.79,0,2
250,41.68,74.83,0,2
251,41.68,74.88,0,2
252,41.68,74.92,0,2
253,41.69,74.97,0,2
254,41.69,75.01,0,2
255,41.7,75.06,0,2
256,41.7,75.1,0,2
257,41.7,75.15,0,2
258,41.71,75.19,0,2
259,41.71,75.23,0,2
260,41.71,75.28,0,2
261,41.72,75.32,0,2
262,41.72,75.36,0,2
263,41.72,75.4,0,2
264,41.73,75.44,0,2
265,41.73,75.49,0,2
266,41.73,75.53,0,2
267,41.73,75.57,0,2
268,41.74,75.61,0,2
269,41.74,75.65,0,2
270,41.74,75.69,0,2
271,41.75,75.73,0,2
272,41.75,75.77,0,2
273,41.75,75.81,0,2
274,41.76,75.85,0,2
275,41.76,75.89,0,2
276,41.76,75.93,0,2
277,41.77,75.97,0,2
278,41.77,76.01,0,2
279,41.77,76.05,0,2
280,41.77,76.08,0,2
281,41.78,76.12,0,2
282,41.78,76.16,0,2
283,41.78,76.2,0,2
284,41.79,76.24,0,2
285,41.79,76.27,0,2
286,41.79,76.31,0,2
287,41.8,76.35,0,2
288,41.8,76.38,0,2
289,41.8,76.42,0,2
290,41.8,76.46,0,2
291,41.81,76.49,0,2
292,41.81,76.53,0,2
293,41.81,76.56,0,2
294,41.81,76.6,0,2
295,41.82,76.63,0,2
296,41.82,76.67,0,2
297,41.82,76.7,0,2
298,41.83,76.74,0,2
299,41.83,76.77,0,2
300,41.83,76.81,0,2
1,37.42,37.4,0,3
2,37.62,37.8,0,3
3,37.77,38.2,0,3
4,37.89,38.6,0,3
5,37.99,39.01,0,3
6,38.07,39.42,0,3
7,38.15,39.82,0,3
8,38.23,40.22,0,3
9,38.29,40.62,0,3
10,38.35,41.01,0,3
11,38.41,41.4,0,3
12,38.47,41.78,0,3
13,38.52,42.15,0,3
14,38.56,42.51,0,3
15,38.61,42.87,0,3
16,38.65,43.22,0,3
17,38.7,43.57,0,3
18,38.74,43.91,0,3
19,38.78,44.24,0,3
20,38.81,44.57,0,3
21,38.85,44.89,0,3
22,38.88,45.2,0,3
23,38.92,45.51,0,3
24,38.95,45.82,0,3
25,38.98,46.11,0,3
26,39.01,46.41,0,3
27,39.04,46.69,0,3
28,39.07,46.98,0,3
29,39.1,47.26,0,3
30,39.13,47.53,0,3
31,39.16,47.8,0,3
32,39.18,48.06,0,3
33,39.21,48.32,0,3
34,39.23,48.58,0,3
35,39.26,48.83,0,3
36,39.28,49.08,0,3
37,39.3,49.32,0,3
38,39.33,49.56,0,3
39,39.35,49.8,0,3
40,39.37,50.03,0,3
41,39.39,50.26,0,3
42,39.42,50.49,0,3
43,39.44,50.71,0,3
44,39.46,50.94,0,3
45,39.48,51.15,0,3
46,39.5,51.37,0,3
47,39.52,51.58,0,3
48,39.54,51.79,0,3
49,39.55,51.99,0,3
50,39.57,52.2,0,3
51,39.59,52.4,0,3
52,39.61,52.6,0,3
53,39.63,52.79,0,3
54,39.64,52.99,0,3
55,39.66,53.18,0,3
56,39.68,53.37,0,3
57,39.69,53.55,0,3
58,39.71,53.74,0,3
59,39.73,53.92,0,3
60,39.74,54.1,0,3
61,39.76,54.28,0,3
62,39.77,54.45,0,3
63,39.79,54.63,0,3
64,39.8,54.8,0,3
65,39.82,54.97,0,3
66,39.83,55.14,0,3
67,39.85,55.3,0,3
68,39.86,55.47,0,3
69,39.88,55.63,0,3
70,39.89,55.79,0,3
71,39.9,55.95,0,3
72,39.92,56.11,0,3
73,39.93,56.26,0,3
74,39.94,56.42,0,3
75,39.96,56.57,0,3
76,39.97,56.72,0,3
77,39.98,56.87,0,3
78,39.99,57.02,0,3
79,40.01,57.16,0,3
80,40.02,57.31,0,3
81,40.03,57.45,0,3
82,40.04,57.59,0,3
83,40.06,57.74,0,3
84,40.07,57.87,0,3
85,40.08,58.01,0,3
86,40.09,58.15,0,3
87,40.1,58.29,0,3
88,40.11,58.42,0,3
89,40.12,58.55,0,3
90,40.13,58.68,0,3
91,40.15,58.81,0,3
92,40.16,58.94,0,3
93,40.17,59.07,0,3
94,40.18,59.2,0,3
95,40.19,59.33,0,3
96,40.2,59.45,0,3
97,40.21,59.57,0,3
98,40.22,59.7,0,3
99,40.23,59.82,0,3
100,40.24,59.94,0,3
101,40.25,60.06,0,3
102,40.26,60.18,0,3
103,40.27,60.29,0,3
104,40.28,60.41,0,3
105,40.29,60.53,0,3
106,40.3,60.64,0,3
107,40.31,60.75,0,3
108,40.32,60.87,0,3
109,40.33,60.98,0,3
110,40.33,61.09,0,3
111,40.34,61.2,0,3
112,40.35,61.31,0,3
113,40.36,61.42,0,3
114,40.37,61.52,0,3
115,40.38,61.63,0,3
116,40.39,61.74,0,3
117,40.4,61.84,0,3
118,40.4,61.94,0,3
119,40.41,62.05,0,3
120,40.42,62.15,0,3
121,40.43,62.25,0,3
122,40.44,62.35,0,3
123,40.45,62.45,0,3
124,40.45,62.55,0,3
125,40.46,62.65,0,3
126,40.47,62.75,0,3
127,40.48,62.84,0,3
128,40.48,62.94,0,3
129,40.49,63.03,0,3
130,40.5,63.13,0,3
131,40.51,63.22,0,3
132,40.52,63.32,0,3
133,40.52,63.41,0,3
134,40.53,63.5,0,3
135,40.54,63.59,0,3
136,40.54,63.68,0,3
137,40.55,63.77,0,3
138,40.56,63.86,0,3
139,40.57,63.95,0,3
140,40.57,64.04,0,3
141,40.58,64.13,0,3
142,40.59,64.21,0,3
143,40.59,64.3,0,3
144,40.6,64.38,0,3
145,40.61,64.47,0,3
146,40.61,64.55,0,3
147,40.62,64.64,0,3
148,40.63,64.72,0,3
149,40.63,64.8,0,3
150,40.64,64.88,0,3
151,40.65,64.96,0,3
152,40.65,65.05,0,3
153,40.66,65.13,0,3
154,40.67,65.21,0,3
155,40.67,65.28,0,3
156,40.68,65.36,0,3
157,40.69,65.44,0,3
158,40.69,65.52,0,3
159,40.7,65.6,0,3
160,40.7,65.67,0,3
161,40.71,65.75,0,3
162,40.72,65.82,0,3
163,40.72,65.9,0,3
164,40.73,65.97,0,3
165,40.73,66.05,0,3
166,40.74,66.12,0,3
167,40.75,66.19,0,3
168,40.75,66.27,0,3
169,40.76,66.34,0,3
170,40.76,66.41,0,3
171,40.77,66.48,0,3
172,40.77,66.55,0,3
173,40.78,66.62,0,3
174,40.79,66.69,0,3
175,40.79,66.76,0,3
176,40.8,66.83,0,3
177,40.8,66.9,0,3
178,40.81,66.97,0,3
179,40.81,67.03,0,3
180,40.82,67.1,0,3
181,40.82,67.17,0,3
182,40.83,67.23,0,3
183,40.83,67.3,0,3
184,40.84,67.36,0,3
185,40.84,67.43,0,3
186,40.85,67.49,0,3
187,40.85,67.56,0,3
188,40.86,67.62,0,3
189,40.86,67.68,0,3
190,40.87,67.75,0,3
191,40.87,67.81,0,3
192,40.88,67.87,0,3
193,40.88,67.93,0,3
194,40.89,68,0,3
195,40.89,68.06,0,3
196,40.9,68.12,0,3
197,40.9,68.18,0,3
198,40.91,68.24,0,3
199,40.91,68.3,0,3
200,40.92,68.36,0,3
201,40.92,68.42,0,3
202,40.93,68.47,0,3
203,40.93,68.53,0,3
204,40.94,68.59,0,3
205,40.94,68.65,0,3
206,40.94,68.7,0,3
207,40.95,68.76,0,3
208,40.95,68.82,0,3
209,40.96,68.87,0,3
210,40.96,68.93,0,3
211,40.97,68.98,0,3
212,40.97,69.04,0,3
213,40.98,69.09,0,3
214,40.98,69.15,0,3
215,40.98,69.2,0,3
216,40.99,69.26,0,3
217,40.99,69.31,0,3
218,41,69.36,0,3
219,41,69.41,0,3
220,41,69.47,0,3
221,41.01,69.52,0,3
222,41.01,69.57,0,3
223,41.02,69.62,0,3
224,41.02,69.67,0,3
225,41.02,69.73,0,3
226,41.03,69.78,0,3
227,41.03,69.83,0,3
228,41.04,69.88,0,3
229,41.04,69.93,0,3
230,41.04,69.98,0,3
231,41.05,70.02,0,3
232,41.05,70.07,0,3
233,41.06,70.12,0,3
234,41.06,70.17,0,3
235,41.06,70.22,0,3
236,41.07,70.27,0,3
237,41.07,70.31,0,3
238,41.07,70.36,0,3
239,41.08,70.41,0,3
240,41.08,70.45,0,3
241,41.09,70.5,0,3
242,41.09,70.55,0,3
243,41.09,70.59,0,3
244,41.1,70.64,0,3
245,41.1,70.68,0,3
246,41.1,70.73,0,3
247,41.11,70.77,0,3
248,41.11,70.82,0,3
249,41.11,70.86,0,3
250,41.12,70.91,0,3
251,41.12,70.95,0,3
252,41.12,70.99,0,3
253,41.13,71.04,0,3
254,41.13,71.08,0,3
255,41.13,71.12,0,3
256,41.14,71.16,0,3
257,41.14,71.21,0,3
258,41.14,71.25,0,3
259,41.15,71.29,0,3
260,41.15,71.33,0,3
261,41.15,71.37,0,3
262,41.16,71.41,0,3
263,41.16,71.45,0,3
264,41.16,71.5,0,3
265,41.17,71.54,0,3
266,41.17,71.58,0,3
267,41.17,71.62,0,3
268,41.18,71.66,0,3
269,41.18,71.69,0,3
270,41.18,71.73,0,3
271,41.18,71.77,0,3
272,41.19,71.81,0,3
273,41.19,71.85,0,3
274,41.19,71.89,0,3
275,41.2,71.93,0,3
276,41.2,71.96,0,3
277,41.2,72,0,3
278,41.21,72.04,0,3
279,41.21,72.08,0,3
280,41.21,72.11,0,3
281,41.21,72.15,0,3
282,41.22,72.19,0,3
283,41.22,72.22,0,3
284,41.22,72.26,0,3
285,41.23,72.3,0,3
286,41.23,72.33,0,3
287,41.23,72.37,0,3
288,41.23,72.4,0,3
289,41.24,72.44,0,3
290,41.24,72.47,0,3
291,41.24,72.51,0,3
292,41.24,72.54,0,3
293,41.25,72.58,0,3
294,41.25,72.61,0,3
295,41.25,72.65,0,3
296,41.25,72.68,0,3
297,41.26,72.71,0,3
298,41.26,72.75,0,3
299,41.26,72.78,0,3
300,41.27,72.81,0,3
